<?xml version="1.0" encoding="UTF-8"?>
<feature
        id="org.jkiss.dbeaver.ce.feature"
        label="%featureName"
        version="6.1.3.201907211943"
        provider-name="%providerName"
        plugin="org.jkiss.dbeaver.core.application">

    <description>
        %description
    </description>

    <copyright>
        %copyright
    </copyright>

    <license url="%licenseURL">
        %license
    </license>

    <url>

    </url>

    <includes id="org.jkiss.dbeaver.standalone.feature" version="6.1.3.201907211943"/>

    <plugin id="org.jkiss.dbeaver.core.application" download-size="192" install-size="823" version="6.1.3.201907211943"/>

</feature>
