<?xml version="1.0" encoding="UTF-8"?>
<feature
        id="org.jkiss.dbeaver.runtime.feature"
        label="%featureName"
        version="6.1.3.201907211943"
        provider-name="%providerName"
        plugin="org.jkiss.dbeaver.model">

    <description>
        %description
    </description>

    <copyright>
        %copyright
    </copyright>

    <license url="%licenseURL">
        %license
    </license>

    <requires>
        <import plugin="org.eclipse.core.runtime"/>
        <import plugin="org.eclipse.core.resources"/>
        <import plugin="org.eclipse.core.expressions"/>
    </requires>

    <plugin id="org.jkiss.utils" download-size="79" install-size="156" version="2.1.96.201907211943" unpack="false"/>
    <plugin id="org.jkiss.dbeaver.model" download-size="1428" install-size="2952" version="1.0.102.201907211943" unpack="false"/>
    <plugin id="org.jkiss.dbeaver.model.sql" download-size="71" install-size="140" version="1.0.3.201907211943" unpack="false"/>
    <plugin id="org.jkiss.dbeaver.registry" download-size="290" install-size="671" version="1.0.7.201907211943" unpack="false"/>
    <plugin id="org.jkiss.dbeaver.net.ssh" download-size="15" install-size="26" version="1.0.34.201907211943" unpack="false"/>
    <plugin id="org.jkiss.dbeaver.cmp.simple" download-size="18" install-size="35" version="6.0.9.201907211943" unpack="false"/>

    <!-- GIS -->
    <plugin id="org.jkiss.dbeaver.data.gis" download-size="19" install-size="36" version="1.0.37.201907211943" unpack="false"/>
    <plugin id="org.jkiss.bundle.gis" download-size="1409" install-size="1552" version="2.0.2" unpack="false"/>

    <!-- 3rd party -->
    <plugin id="com.github.jsqlparser" download-size="424" install-size="999" version="1.4.0" unpack="false"/>
    <plugin id="org.apache.commons.jexl" download-size="261" install-size="564" version="2.1.1" unpack="false"/>
    <plugin id="net.sf.opencsv" download-size="19" install-size="37" version="2.3.0" unpack="false"/>


</feature>
